{"net": "resnet18", "batch_size": 512, "im_side_len": 64, "forward_energy": [25852339.540816326, 26305733.714285713, 26267978.01020408, 26236040.44897959, 26222528.091836736, 26152278.63265306, 25949666.765306123, 26019604.795918368, 26203237.897959184, 26089208.275510203], "forward_time": [359178.2794183673, 367525.83993877546, 367674.0715102041, 367177.3137959183, 366812.9678775509, 366162.408510204, 365339.96510204085, 365658.2309897959, 366317.04496938776, 365542.41639795917], "backward_energy": [72889509.84693877, 73280777.81632653, 73433830.51020408, 74270140.85714285, 73682985.3265306, 73222399.6632653, 73238446.86734694, 73598894.6734694, 73693380.02040817, 73949705.28571428], "backward_time": [1129432.683, 1135158.2513265307, 1137922.7602959182, 1150363.9265306122, 1141579.0567755103, 1134221.7622448981, 1134462.7556938776, 1140321.9744795917, 1141743.7704489795, 1145422.5576938775]}