{"net": "alexnet", "batch_size": 512, "im_side_len": 64, "forward_energy": [19906584.530612245, 18433756.5, 18432708.234693877, 18495421.734693877, 18467100.86734694, 18354300.785714287, 18637061.530612245, 18300426.724489797, 18455895.42857143, 18341645.336734693], "forward_time": [253197.17639795915, 253812.32175510202, 253919.62118367344, 253991.55800000005, 253608.87739795918, 253170.12722448978, 255328.62398979597, 252844.52436734695, 254038.41672448977, 253781.5904183674], "backward_energy": [26935865.42857143, 24235721.102040816, 24195461.69387755, 24154264.93877551, 24202973.37755102, 24173130.959183674, 24174481.86734694, 24189826.530612245, 24168509.030612245, 24261040.040816326], "backward_time": [371329.0681938775, 377709.1349489796, 376802.3226938777, 376164.69610204076, 376790.41710204084, 376758.2738571428, 376278.5922244897, 377075.2778469388, 376509.382612245, 378075.16129591834]}