{"net": "mobilenet_v3_small", "batch_size": 512, "im_side_len": 64, "forward_energy": [6122300.653061224, 6168557.714285715, 6261495.9387755105, 6202222.8367346935, 6133405.265306123, 6249202.37755102, 6150415.367346939, 6130426.4387755105, 6250974.234693877, 6020686.62244898], "forward_time": [71486.31658163267, 72452.48102040816, 72124.73047959183, 72467.8933265306, 71891.95721428572, 72535.23712244898, 72167.15886734694, 71960.37004081633, 72994.54318367346, 71410.15725510204], "backward_energy": [21865784.979591835, 21972271.836734693, 21967736.591836736, 21978353.591836736, 21864158.285714287, 21963238.030612245, 21771246.08163265, 21898320.98979592, 22092918.734693877, 21718045.479591835], "backward_time": [335340.8556020408, 337063.96152040816, 336548.8230306122, 336694.59925510205, 335408.88128571433, 336538.72212244896, 333308.71903061226, 335582.2875816327, 339001.8010306122, 333132.3793877551]}