{"fixed": {"--data_size": {"fixed": 2048, "range": [64, 4096, 64]}, "--batch_size": {"fixed": 512, "range": [32, 2048, 32]}, "--epochs": {"fixed": 10, "range": [2, 100, 1]}, "--in_channels": {"fixed": 16, "range": [2, 64, 2]}, "--out_channels": {"fixed": 16, "range": [2, 64, 2]}, "--k_size": {"fixed": 3, "range": [3, 15, 3]}, "--stride": {"fixed": 1, "range": [1, 8, 1]}, "--side_length": {"fixed": 32, "range": [8, 256, 8]}}, "param": "--k_size", "param_vals": [3, 3, 3, 3, 3, 3, 3, 3, 3, 3, 6, 6, 6, 6, 6, 6, 6, 6, 6, 6, 9, 9, 9, 9, 9, 9, 9, 9, 9, 9, 12, 12, 12, 12, 12, 12, 12, 12, 12, 12], "energies": [110.749146, 110.717407, 114.048218, 111.16864, 112.167175, 110.781799, 111.590698, 113.615845, 110.128357, 114.983276, 148.165955, 147.987488, 149.466919, 148.720032, 147.800049, 149.904785, 145.527405, 148.839539, 148.983521, 149.082947, 199.853027, 197.380188, 199.468506, 197.338562, 198.959839, 198.170044, 203.97699, 197.875305, 200.903809, 199.224731, 266.061279, 240.108521, 239.327026, 240.596924, 240.383911, 240.884583, 239.449463, 241.737793, 240.276184, 239.128845], "train_times": [1.7062098979949951, 1.7109315395355225, 1.7642409801483154, 1.7153406143188477, 1.7361791133880615, 1.7080438137054443, 1.7283961772918701, 1.75593900680542, 1.705030918121338, 1.76955246925354, 2.2854740619659424, 2.285775661468506, 2.3068840503692627, 2.2956597805023193, 2.2797396183013916, 2.31350040435791, 2.2427804470062256, 2.3021631240844727, 2.2979376316070557, 2.2980878353118896, 3.0825893878936768, 3.0422143936157227, 3.0796332359313965, 3.042044162750244, 3.067242383956909, 3.049203395843506, 3.142820119857788, 3.069579839706421, 3.075430393218994, 3.071981191635132, 4.125765085220337, 3.677203416824341, 3.690431833267212, 3.706501007080078, 3.7074828147888184, 3.7160680294036865, 3.6881308555603027, 3.72687029838562, 3.7045106887817383, 3.683805227279663], "model_n_params": [2320, 2320, 2320, 2320, 2320, 2320, 2320, 2320, 2320, 2320, 9232, 9232, 9232, 9232, 9232, 9232, 9232, 9232, 9232, 9232, 20752, 20752, 20752, 20752, 20752, 20752, 20752, 20752, 20752, 20752, 36880, 36880, 36880, 36880, 36880, 36880, 36880, 36880, 36880, 36880]}