{"fixed": {"--data_size": {"fixed": 2048, "range": [64, 4096, 64]}, "--batch_size": {"fixed": 512, "range": [32, 2048, 32]}, "--epochs": {"fixed": 10, "range": [2, 100, 1]}, "--in_channels": {"fixed": 16, "range": [2, 64, 2]}, "--out_channels": {"fixed": 16, "range": [2, 64, 2]}, "--k_size": {"fixed": 3, "range": [3, 15, 3]}, "--stride": {"fixed": 1, "range": [1, 8, 1]}, "--side_length": {"fixed": 32, "range": [8, 256, 8]}}, "param": "--stride", "param_vals": [1, 1, 1, 1, 1, 1, 1, 1, 1, 1, 2, 2, 2, 2, 2, 2, 2, 2, 2, 2, 3, 3, 3, 3, 3, 3, 3, 3, 3, 3, 4, 4, 4, 4, 4, 4, 4, 4, 4, 4, 5, 5, 5, 5, 5, 5, 5, 5, 5, 5, 6, 6, 6, 6, 6, 6, 6, 6, 6, 6, 7, 7, 7, 7, 7, 7, 7, 7, 7, 7], "energies": [110.647034, 113.289856, 113.398499, 110.550842, 111.55011, 112.736938, 112.908875, 113.103699, 108.190002, 112.547302, 85.789185, 85.124573, 85.498962, 83.632385, 85.183167, 84.684875, 84.488464, 84.895874, 84.352844, 84.037109, 78.571777, 79.779602, 79.853577, 78.649597, 81.643188, 79.361389, 80.570007, 79.842163, 79.639648, 79.083801, 78.325317, 77.07666, 77.876892, 78.110535, 75.945374, 77.770996, 78.324036, 80.47345, 77.4198, 77.300354, 75.774902, 74.723145, 75.044556, 79.299194, 75.89209, 74.780701, 75.448303, 74.670898, 74.931885, 74.876526, 74.615173, 74.54364, 75.062744, 75.708557, 76.004822, 75.109619, 74.4552, 75.424866, 74.297913, 74.449951, 76.559204, 75.386841, 77.81427, 75.425415, 74.622009, 76.423157, 76.387756, 80.0495, 75.732483, 74.774475], "train_times": [1.7098701000213623, 1.745319128036499, 1.7492115497589111, 1.7060165405273438, 1.7230381965637207, 1.74245285987854, 1.7485589981079102, 1.742217779159546, 1.6754918098449707, 1.736131191253662, 1.325087547302246, 1.3164606094360352, 1.3173930644989014, 1.292773723602295, 1.3097944259643555, 1.3081841468811035, 1.3037419319152832, 1.311481237411499, 1.2973880767822266, 1.2997615337371826, 1.2153093814849854, 1.2290699481964111, 1.2266838550567627, 1.2144749164581299, 1.2646470069885254, 1.224090576171875, 1.243818759918213, 1.238370656967163, 1.2253212928771973, 1.2364249229431152, 1.2039809226989746, 1.1929936408996582, 1.203634262084961, 1.2061455249786377, 1.1716628074645996, 1.2072088718414307, 1.2094364166259766, 1.2484776973724365, 1.1927714347839355, 1.1953239440917969, 1.1723575592041016, 1.1554231643676758, 1.1619770526885986, 1.2255425453186035, 1.1710913181304932, 1.1543171405792236, 1.166917324066162, 1.150120735168457, 1.1584758758544922, 1.1572327613830566, 1.1531832218170166, 1.1559929847717285, 1.157477617263794, 1.167555332183838, 1.176468849182129, 1.1598963737487793, 1.1520745754241943, 1.1614351272583008, 1.1463229656219482, 1.1519489288330078, 1.1820752620697021, 1.165961503982544, 1.1984336376190186, 1.164233922958374, 1.1515486240386963, 1.1836059093475342, 1.1846845149993896, 1.2369225025177002, 1.1731235980987549, 1.153909683227539], "model_n_params": [2320, 2320, 2320, 2320, 2320, 2320, 2320, 2320, 2320, 2320, 2320, 2320, 2320, 2320, 2320, 2320, 2320, 2320, 2320, 2320, 2320, 2320, 2320, 2320, 2320, 2320, 2320, 2320, 2320, 2320, 2320, 2320, 2320, 2320, 2320, 2320, 2320, 2320, 2320, 2320, 2320, 2320, 2320, 2320, 2320, 2320, 2320, 2320, 2320, 2320, 2320, 2320, 2320, 2320, 2320, 2320, 2320, 2320, 2320, 2320, 2320, 2320, 2320, 2320, 2320, 2320, 2320, 2320, 2320, 2320]}