{"fixed": {"--data_size": {"fixed": 512, "range": [64, 128, 64]}, "--input_size": {"fixed": 128, "range": [16, 512, 16]}, "--output_size": {"fixed": 128, "range": [16, 512, 16]}, "--batch_size": {"fixed": 512, "range": [32, 2048, 32]}, "--epochs": {"fixed": 10, "range": [2, 100, 1]}}, "param": "--data_size", "param_vals": [64, 64, 64, 64, 64, 64, 64, 64, 64, 64], "energies": [60.821411, 68.609436, 80.673889, 75.282837, 61.79364, 70.160461, 74.225769, 66.879211, 72.404358, 67.608521], "train_times": [0.8963737487792969, 1.0673151016235352, 1.2680134773254395, 1.1586899757385254, 0.9433281421661377, 1.0851755142211914, 1.1635653972625732, 1.0432405471801758, 1.0906853675842285, 1.0611298084259033], "model_n_params": [16512, 16512, 16512, 16512, 16512, 16512, 16512, 16512, 16512, 16512]}