{"fixed": {"--data_size": {"fixed": 2048, "range": [64, 4096, 64]}, "--batch_size": {"fixed": 512, "range": [32, 2048, 32]}, "--epochs": {"fixed": 10, "range": [2, 100, 1]}, "--in_channels": {"fixed": 16, "range": [2, 64, 2]}, "--out_channels": {"fixed": 16, "range": [2, 64, 2]}, "--k_size": {"fixed": 3, "range": [3, 15, 3]}, "--stride": {"fixed": 1, "range": [1, 8, 1]}, "--side_length": {"fixed": 32, "range": [8, 256, 8]}}, "param": "--k_size", "param_vals": [3, 3, 3, 3, 3, 3, 3, 3, 3, 3, 6, 6, 6, 6, 6, 6, 6, 6, 6, 6, 9, 9, 9, 9, 9, 9, 9, 9, 9, 9, 12, 12, 12, 12, 12, 12, 12, 12, 12, 12], "energies": [312.917114, 348.00061, 347.265625, 335.956055, 318.852417, 338.721924, 326.64917, 331.522949, 331.199341, 337.563843, 374.604309, 441.326416, 443.121521, 422.262756, 400.994385, 429.858948, 438.417236, 432.513, 430.758057, 421.017639, 526.227417, 524.191223, 478.986755, 457.893982, 501.976379, 533.956421, 476.241272, 523.141541, 481.702759, 534.620422, 624.58783, 615.891479, 610.872864, 601.572937, 611.722656, 553.550354, 507.234863, 625.741455, 612.314087, 627.694641], "train_times": [5.411416053771973, 6.599652051925659, 5.813420534133911, 5.676581621170044, 5.604938507080078, 5.6018385887146, 5.674930572509766, 6.286890268325806, 5.678669214248657, 6.185057878494263, 6.592517137527466, 7.361538648605347, 7.809711456298828, 7.566465139389038, 6.755948066711426, 7.8992204666137695, 7.831883907318115, 8.04547643661499, 7.972543478012085, 7.90779185295105, 9.534070253372192, 8.664401292800903, 7.281815052032471, 7.173970699310303, 8.440056562423706, 9.367396116256714, 8.060185670852661, 9.42511796951294, 7.258428573608398, 9.095998287200928, 10.399829387664795, 10.248351812362671, 10.874324798583984, 10.566174507141113, 10.81480598449707, 9.028505325317383, 8.318880796432495, 10.845234155654907, 10.338896751403809, 10.331785440444946], "model_n_params": [2320, 2320, 2320, 2320, 2320, 2320, 2320, 2320, 2320, 2320, 9232, 9232, 9232, 9232, 9232, 9232, 9232, 9232, 9232, 9232, 20752, 20752, 20752, 20752, 20752, 20752, 20752, 20752, 20752, 20752, 36880, 36880, 36880, 36880, 36880, 36880, 36880, 36880, 36880, 36880]}