{"fixed": {"--data_size": {"fixed": 2048, "range": [64, 4096, 64]}, "--batch_size": {"fixed": 512, "range": [32, 2048, 32]}, "--epochs": {"fixed": 10, "range": [2, 100, 1]}, "--in_channels": {"fixed": 16, "range": [2, 64, 2]}, "--out_channels": {"fixed": 16, "range": [2, 64, 2]}, "--k_size": {"fixed": 3, "range": [3, 15, 3]}, "--stride": {"fixed": 1, "range": [1, 8, 1]}, "--side_length": {"fixed": 32, "range": [8, 256, 8]}}, "param": "--in_channels", "param_vals": [2, 2, 2, 2, 2, 2, 2, 2, 2, 2, 4, 4, 4, 4, 4, 4, 4, 4, 4, 4, 6, 6, 6, 6, 6, 6, 6, 6, 6, 6, 8, 8, 8, 8, 8, 8, 8, 8, 8, 8, 10, 10, 10, 10, 10, 10, 10, 10, 10, 10, 12, 12, 12, 12, 12, 12, 12, 12, 12, 12, 14, 14, 14, 14, 14, 14, 14, 14, 14, 14, 16, 16, 16, 16, 16, 16, 16, 16, 16, 16, 18, 18, 18, 18, 18, 18, 18, 18, 18, 18, 20, 20, 20, 20, 20, 20, 20, 20, 20, 20, 22, 22, 22, 22, 22, 22, 22, 22, 22, 22, 24, 24, 24, 24, 24, 24, 24, 24, 24, 24, 26, 26, 26, 26, 26, 26, 26, 26, 26, 26, 28, 28, 28, 28, 28, 28, 28, 28, 28, 28, 30, 30, 30, 30, 30, 30, 30, 30, 30, 30, 32, 32, 32, 32, 32, 32, 32, 32, 32, 32, 34, 34, 34, 34, 34, 34, 34, 34, 34, 34, 36, 36, 36, 36, 36, 36, 36, 36, 36, 36, 38, 38, 38, 38, 38, 38, 38, 38, 38, 38, 40, 40, 40, 40, 40, 40, 40, 40, 40, 40, 42, 42, 42, 42, 42, 42, 42, 42, 42, 42, 44, 44, 44, 44, 44, 44, 44, 44, 44, 44, 46, 46, 46, 46, 46, 46, 46, 46, 46, 46, 48, 48, 48, 48, 48, 48, 48, 48, 48, 48, 50, 50, 50, 50, 50, 50, 50, 50, 50, 50, 52, 52, 52, 52, 52, 52, 52, 52, 52, 52, 54, 54, 54, 54, 54, 54, 54, 54, 54, 54, 56, 56, 56, 56, 56, 56, 56, 56, 56, 56, 58, 58, 58, 58, 58, 58, 58, 58, 58, 58, 60, 60, 60, 60, 60, 60, 60, 60, 60, 60, 62, 62, 62, 62, 62, 62, 62, 62, 62, 62], "energies": [243.609253, 241.472839, 227.077454, 242.909241, 243.398254, 238.023193, 222.801697, 222.707886, 226.667114, 227.863953, 239.289368, 244.442627, 273.047546, 237.990601, 246.492065, 229.880859, 266.303467, 245.846191, 237.412781, 220.133118, 261.289795, 237.394104, 231.121948, 242.118958, 267.661621, 234.175171, 241.38916, 241.252869, 230.884094, 244.371948, 266.463867, 241.054077, 248.811951, 271.312134, 263.471924, 264.237122, 263.382324, 264.650757, 275.138306, 250.526428, 286.342773, 310.405945, 303.539673, 300.387756, 302.372803, 307.140259, 313.073303, 314.048035, 307.690002, 309.443848, 298.322754, 289.160767, 317.21759, 318.062805, 303.695801, 308.350464, 299.231873, 308.936768, 336.830994, 309.161194, 324.939819, 329.676453, 322.407166, 312.141418, 318.433228, 318.864075, 320.552246, 329.285645, 322.712891, 334.413757, 337.075562, 311.960999, 319.521179, 325.908569, 341.492615, 324.873352, 328.634094, 329.410767, 333.32251, 334.291748, 343.969055, 356.648193, 360.381226, 361.998291, 385.538635, 356.692749, 354.674072, 353.953918, 351.420959, 336.767517, 356.107361, 349.289795, 339.627747, 358.456665, 350.681519, 349.704041, 374.029724, 357.318665, 345.643188, 364.067444, 378.370911, 341.01001, 371.794678, 371.418518, 361.639771, 379.192688, 366.452393, 353.896912, 361.181335, 369.410095, 364.028687, 372.044861, 378.560425, 347.314575, 377.655945, 352.323975, 364.849609, 369.20813, 373.11969, 361.174683, 386.67511, 416.938049, 406.863098, 396.596985, 413.924683, 381.562256, 421.412109, 402.872925, 397.923828, 403.222717, 416.486328, 417.694458, 432.980835, 407.872131, 422.191528, 400.044495, 417.830078, 415.030334, 405.497559, 412.948181, 405.778137, 420.018616, 413.444824, 391.167847, 440.126221, 406.013672, 405.347961, 430.204041, 403.842041, 423.234802, 423.458557, 425.647095, 445.812439, 412.059082, 414.777161, 412.395935, 431.181946, 399.280701, 430.881409, 433.538635, 501.840454, 495.963745, 501.355652, 545.218384, 503.982788, 490.010437, 499.533203, 528.510193, 487.741333, 503.424194, 503.906738, 514.796814, 508.48761, 519.143433, 517.192932, 514.608154, 499.846619, 507.352417, 495.731995, 503.560791, 502.397644, 503.857849, 545.908386, 507.165771, 523.650146, 520.966309, 554.919067, 507.151733, 518.212524, 511.401794, 520.733643, 510.596375, 536.495483, 527.234253, 536.494507, 527.765808, 537.90332, 516.801514, 546.798767, 536.630615, 543.566467, 554.000061, 552.362366, 547.672485, 565.294495, 601.972107, 556.693481, 550.679138, 567.449036, 588.085205, 562.438477, 563.960327, 563.349121, 608.65741, 554.622803, 584.148682, 552.193848, 550.14679, 559.468079, 555.428345, 581.205994, 576.907715, 592.790833, 586.997314, 582.453918, 581.023438, 590.639832, 612.913574, 575.31897, 589.628113, 588.386414, 573.412842, 571.513611, 594.267639, 593.632751, 607.284607, 592.555298, 566.915222, 582.557434, 627.082214, 616.939819, 591.706543, 614.438416, 610.74823, 621.139709, 605.550476, 641.156616, 588.704346, 595.875671, 585.657837, 652.116272, 626.878967, 607.633423, 623.542236, 622.829163, 626.476196, 647.2323, 618.056091, 594.727783, 629.037598, 616.343018, 680.376831, 646.143982, 651.393372, 632.831055, 623.718323, 607.738586, 648.687134, 619.154114, 612.663086, 648.273132, 650.764221, 637.515991, 635.129272, 642.135986, 649.549255, 647.38031, 631.708496, 633.496094, 653.752197, 683.999573, 701.510925, 723.10022, 696.47583, 713.937317, 720.434265, 680.820618, 696.26001, 701.790955, 680.51947, 709.639648, 684.344788, 692.183655, 709.614624, 662.321716, 687.758301, 691.697327, 677.2146, 682.863953, 702.149109, 702.876892, 706.621948, 723.289185, 713.099731, 692.221008, 706.021973, 702.676147, 702.090271, 732.245056, 710.472534],