{"fixed": {"--data_size": {"fixed": 512, "range": [64, 4096, 64]}, "--input_size": {"fixed": 128, "range": [16, 512, 16]}, "--output_size": {"fixed": 128, "range": [16, 512, 16]}, "--batch_size": {"fixed": 512, "range": [32, 2048, 32]}, "--epochs": {"fixed": 10, "range": [2, 100, 1]}}, "param": "--input_size", "param_vals": [16, 16, 16, 16, 16, 16, 16, 16, 16, 16, 32, 32, 32, 32, 32, 32, 32, 32, 32, 32, 48, 48, 48, 48, 48, 48, 48, 48, 48, 48, 64, 64, 64, 64, 64, 64, 64, 64, 64, 64, 80, 80, 80, 80, 80, 80, 80, 80, 80, 80, 96, 96, 96, 96, 96, 96, 96, 96, 96, 96, 112, 112, 112, 112, 112, 112, 112, 112, 112, 112, 128, 128, 128, 128, 128, 128, 128, 128, 128, 128, 144, 144, 144, 144, 144, 144, 144, 144, 144, 144, 160, 160, 160, 160, 160, 160, 160, 160, 160, 160, 176, 176, 176, 176, 176, 176, 176, 176, 176, 176, 192, 192, 192, 192, 192, 192, 192, 192, 192, 192, 208, 208, 208, 208, 208, 208, 208, 208, 208, 208, 224, 224, 224, 224, 224, 224, 224, 224, 224, 224, 240, 240, 240, 240, 240, 240, 240, 240, 240, 240, 256, 256, 256, 256, 256, 256, 256, 256, 256, 256, 272, 272, 272, 272, 272, 272, 272, 272, 272, 272, 288, 288, 288, 288, 288, 288, 288, 288, 288, 288, 304, 304, 304, 304, 304, 304, 304, 304, 304, 304, 320, 320, 320, 320, 320, 320, 320, 320, 320, 320, 336, 336, 336, 336, 336, 336, 336, 336, 336, 336, 352, 352, 352, 352, 352, 352, 352, 352, 352, 352, 368, 368, 368, 368, 368, 368, 368, 368, 368, 368, 384, 384, 384, 384, 384, 384, 384, 384, 384, 384, 400, 400, 400, 400, 400, 400, 400, 400, 400, 400, 416, 416, 416, 416, 416, 416, 416, 416, 416, 416, 432, 432, 432, 432, 432, 432, 432, 432, 432, 432, 448, 448, 448, 448, 448, 448, 448, 448, 448, 448, 464, 464, 464, 464, 464, 464, 464, 464, 464, 464, 480, 480, 480, 480, 480, 480, 480, 480, 480, 480, 496, 496, 496, 496, 496, 496, 496, 496, 496, 496], "energies": [160.869446, 159.042725, 156.657104, 151.199585, 157.731201, 155.561951, 158.253906, 154.472839, 159.557373, 157.240784, 160.317322, 163.760498, 159.973816, 152.549805, 156.142639, 159.05011, 158.968811, 161.056274, 158.877686, 155.200928, 159.648865, 153.410095, 160.779175, 186.832275, 162.214844, 160.61969, 158.84967, 153.629944, 160.956238, 156.607117, 158.338562, 160.700989, 157.20929, 158.453003, 160.02832, 158.754089, 162.405945, 153.217468, 162.355591, 161.362793, 192.180237, 197.068176, 197.743652, 195.227844, 191.887756, 197.044434, 194.931274, 199.048462, 199.174866, 196.685242, 196.815002, 205.638367, 203.421509, 208.554932, 199.529846, 199.261536, 205.460388, 201.300049, 194.74646, 194.66272, 251.354248, 246.77002, 237.516174, 241.546997, 245.525391, 247.579773, 249.404175, 239.026978, 239.302795, 236.831909, 253.338623, 257.663391, 247.234924, 245.728455, 242.907349, 263.876709, 243.751648, 254.628845, 250.997314, 246.219482, 237.534851, 244.187439, 260.789185, 257.125671, 269.570618, 250.639648, 247.26062, 232.49115, 249.062256, 263.919006, 258.603149, 264.624695, 249.516602, 255.237976, 243.688538, 259.398193, 230.061401, 264.802734, 257.769043, 243.847534, 250.625244, 261.755798, 268.781128, 262.455811, 262.512207, 266.031616, 260.695618, 234.73114, 252.600037, 248.738342, 244.873657, 256.341064, 260.907776, 241.003723, 252.163513, 256.291809, 246.277527, 231.957214, 249.024658, 260.382202, 244.257812, 241.51123, 269.944031, 258.70813, 261.628174, 260.75293, 262.316711, 254.797729, 250.630432, 264.561035, 251.468201, 268.027405, 268.832275, 250.503418, 246.274719, 257.679321, 260.495178, 263.300842, 247.689941, 245.597778, 264.853271, 263.737183, 267.505798, 248.991333, 259.700073, 269.543152, 260.110718, 246.460999, 268.771362, 265.244751, 296.885925, 274.723267, 304.938904, 275.042908, 272.198669, 266.562622, 255.785706, 252.209167, 277.115479, 309.519165, 303.437866, 318.935974, 328.255615, 304.633301, 322.801575, 331.25177, 321.316956, 313.50061, 325.585571, 324.052002, 320.402466, 297.661743, 328.574646, 307.329163, 328.763611, 318.406555, 324.830139, 333.13916, 311.595276, 321.890015, 319.035339, 306.416565, 302.824036, 325.05304, 310.631226, 320.656616, 318.756409, 330.355896, 292.666565, 325.073975, 318.43811, 314.140442, 313.013672, 307.62439, 334.854919, 318.975952, 300.600708, 325.561218, 319.812866, 313.772156, 317.378296, 341.118225, 312.739014, 320.071594, 311.150391, 317.413147, 315.980164, 328.990112, 323.018738, 327.282104, 282.202148, 318.657471, 315.440674, 319.937073, 326.674011, 342.162537, 295.123291, 316.649109, 326.772339, 310.566589, 321.016907, 327.437683, 330.190735, 321.553589, 331.773376, 316.034607, 304.700928, 327.983093, 322.893066, 313.111938, 327.420166, 326.589172, 328.365234, 320.099854, 321.152283, 321.434998, 301.01532, 310.029663, 315.879517, 311.95105, 325.627747, 316.178284, 331.255737, 315.9729, 327.910217, 307.758972, 328.621399, 328.950806, 307.840332, 328.453247, 309.868958, 320.567078, 297.906677, 322.606995, 322.558838, 294.962402, 310.765747, 311.834045, 316.543945, 324.880554, 310.02478, 321.066895, 325.274048, 320.39209, 296.270142, 329.371399, 322.363342, 308.810974, 325.815674, 325.812195, 313.939087, 317.101868, 303.185181, 303.716125, 323.957458, 313.681274, 310.155945, 312.596436, 328.232666, 328.818726, 317.366943, 324.124695, 319.54126, 320.691528, 307.200439, 315.984131, 326.7724, 327.01355, 328.601807, 329.052124, 313.528503, 317.482483, 299.293152, 317.701538, 341.127075, 303.343445, 322.001404, 331.568481, 306.412598, 311.549683, 301.915771, 334.119751, 321.690796, 324.621643, 326.618347, 311.555969, 317.364258, 329.671082, 323.009705, 320.311218],