{"fixed": {"--data_size": {"fixed": 2048, "range": [64, 4096, 64]}, "--batch_size": {"fixed": 512, "range": [32, 2048, 32]}, "--epochs": {"fixed": 10, "range": [2, 100, 1]}, "--in_channels": {"fixed": 16, "range": [2, 64, 2]}, "--out_channels": {"fixed": 16, "range": [2, 64, 2]}, "--k_size": {"fixed": 3, "range": [3, 15, 3]}, "--stride": {"fixed": 1, "range": [1, 8, 1]}, "--side_length": {"fixed": 32, "range": [8, 256, 8]}}, "param": "--side_length", "param_vals": [8, 8, 8, 8, 8, 8, 8, 8, 8, 8, 16, 16, 16, 16, 16, 16, 16, 16, 16, 16, 24, 24, 24, 24, 24, 24, 24, 24, 24, 24, 32, 32, 32, 32, 32, 32, 32, 32, 32, 32, 40, 40, 40, 40, 40, 40, 40, 40, 40, 40, 48, 48, 48, 48, 48, 48, 48, 48, 48, 48, 56, 56, 56, 56, 56, 56, 56, 56, 56, 56, 64, 64, 64, 64, 64, 64, 64, 64, 64, 64, 72, 72, 72, 72, 72, 72, 72, 72, 72, 72, 80, 80, 80, 80, 80, 80, 80, 80, 80, 80, 88, 88, 88, 88, 88, 88, 88, 88, 88, 88, 96, 96, 96, 96, 96, 96, 96, 96, 96, 96, 104, 104, 104, 104, 104, 104, 104, 104, 104, 104, 112, 112, 112, 112, 112, 112, 112, 112, 112, 112, 120, 120, 120, 120, 120, 120, 120, 120, 120, 120, 128, 128, 128, 128, 128, 128, 128, 128, 128, 128, 136, 136, 136, 136, 136, 136, 136, 136, 136, 136, 144, 144, 144, 144, 144, 144, 144, 144, 144, 144, 152, 152, 152, 152, 152, 152, 152, 152, 152, 152, 160, 160, 160, 160, 160, 160, 160, 160, 160, 160, 168, 168, 168, 168, 168, 168, 168, 168, 168, 168, 176, 176, 176, 176, 176, 176, 176, 176, 176, 176, 184, 184, 184, 184, 184, 184, 184, 184, 184, 184, 192, 192, 192, 192, 192, 192, 192, 192, 192, 192, 200, 200, 200, 200, 200, 200, 200, 200, 200, 200, 208, 208, 208, 208, 208, 208, 208, 208, 208, 208, 216, 216, 216, 216, 216, 216, 216, 216, 216, 216, 224, 224, 224, 224, 224, 224, 224, 224, 224, 224, 232, 232, 232, 232, 232, 232, 232, 232, 232, 232, 240, 240, 240, 240, 240, 240, 240, 240, 240, 240, 248, 248, 248, 248, 248, 248, 248, 248, 248, 248], "energies": [43.889587, 42.930054, 44.651123, 43.509888, 43.05835, 45.703369, 43.529541, 44.906921, 43.691589, 43.113892, 55.552124, 58.200134, 55.892883, 54.536011, 55.70459, 56.22467, 58.015137, 56.173767, 55.543152, 53.93573, 74.957397, 73.959656, 73.177551, 72.495483, 72.093689, 74.301025, 74.631287, 72.094788, 74.606873, 74.940796, 111.036682, 112.875916, 112.538147, 111.187927, 111.377502, 113.851562, 112.419861, 109.776794, 111.836914, 110.263489, 155.953979, 155.174683, 154.898499, 155.622131, 155.204834, 154.622437, 155.728088, 154.250793, 156.924011, 155.201233, 213.18927, 204.447998, 212.549438, 212.816895, 212.558655, 216.707947, 212.514038, 214.495544, 213.201294, 213.768127, 268.515015, 268.35791, 273.825623, 267.444885, 267.811829, 268.360535, 261.793213, 271.471741, 260.958374, 268.072021, 347.977356, 348.03302, 357.156494, 357.191406, 349.397583, 348.46637, 355.471252, 349.431213, 349.714783, 348.364136, 420.784851, 428.523987, 423.347778, 424.602966, 425.743164, 406.165344, 416.919006, 426.52832, 426.536926, 421.469727, 513.500549, 503.409668, 504.308105, 502.133667, 503.438965, 492.646606, 500.880859, 505.168701, 499.417175, 505.335632, 600.846619, 600.165161, 602.515991, 595.545837, 604.406372, 594.455688, 596.177185, 600.445007, 601.635437, 602.624268, 715.262024, 715.40332, 711.686279, 722.986755, 723.294861, 718.824829, 725.688171, 720.584412, 718.257507, 718.24762, 823.32843, 824.129883, 827.602417, 815.161377, 812.879333, 830.132324, 823.497559, 825.053528, 811.185608, 824.740051, 941.347656, 938.984375, 952.351196, 934.398376, 934.268982, 945.333008, 938.428284, 934.731567, 947.156189, 931.402588, 1062.703796, 1080.302185, 1075.430237, 1072.638855, 1067.544556, 1068.478943, 1072.019287, 1066.844299, 1078.898254, 1069.547424, 1228.999023, 1215.478333, 1237.193237, 1232.394836, 1233.437622, 1225.00354, 1214.739014, 1218.519592, 1234.962036, 1233.536133, 1362.56427, 1356.169739, 1362.547913, 1363.732422, 1353.165222, 1350.620789, 1359.07489, 1364.119934, 1361.181763, 1357.859131, 1529.596008, 1505.37561, 1522.421021, 1512.977539, 1509.01001, 1518.658325, 1517.083862, 1516.882568, 1515.528809, 1524.568726, 1685.649658, 1671.384338, 1676.330017, 1688.029114, 1679.412903, 1674.708069, 1679.141968, 1693.937317, 1686.223694, 1693.565063, 1862.907043, 1856.805725, 1861.977905, 1864.550903, 1865.486389, 1862.779907, 1881.192566, 1860.324646, 1859.548218, 1863.823364, 2054.61908, 2085.109924, 2046.7052, 2056.834045, 2239.21875, 2055.872681, 2176.873535, 2235.48053, 2042.339111, 2057.762451, 2243.031433, 2243.952759, 2238.130554, 2256.134399, 2230.774719, 2249.509277, 2253.528503, 2244.360535, 2249.852417, 2249.949219, 2456.637085, 2435.064636, 2443.847107, 2438.794556, 2442.013, 2445.20166, 2441.581909, 2448.885132, 2438.113953, 2439.269958, 2632.626404, 2645.522095, 2643.349365, 2641.614929, 2633.843994, 2632.149902, 2628.034973, 2626.987854, 2632.223083, 2631.407715, 2837.430603, 2824.068359, 2839.760864, 2822.10022, 2850.476868, 2832.939758, 2840.744812, 2827.229919, 2848.797913, 2830.762939, 3034.970276, 3031.374695, 3041.890442, 3063.379944, 3030.868958, 3034.826782, 3042.727722, 3044.384705, 3029.804077, 3038.034119, 3246.802551, 3235.256531, 3242.59314, 3238.092773, 3248.835022, 3236.677612, 3222.943726, 3233.279053, 3243.764038, 3234.736572, 3473.96521, 3484.590515, 3466.457886, 3476.206055, 3462.186829, 3498.156494, 3465.692688, 3475.838928, 3467.161438, 3486.388611, 3702.967224, 3737.293823, 3709.612488, 3723.504028, 3723.441711, 3704.21991, 3692.752258, 3694.217285, 3709.116272, 3696.734375, 4000.009399, 3975.86853, 3960.114868, 3973.467468, 3955.044128, 3959.262329, 3962.530334, 3973.024292, 3960.380127, 3942.299866, 4289.61499, 4270.564148, 4224.148743, 4271.152649, 4270.097107, 4286.386169, 4282.821838, 4243.952759, 4231.192078, 4206.03418],