{"fixed": {"--data_size": {"fixed": 2048, "range": [64, 4096, 64]}, "--batch_size": {"fixed": 512, "range": [32, 2048, 32]}, "--epochs": {"fixed": 10, "range": [2, 100, 1]}, "--in_channels": {"fixed": 16, "range": [2, 64, 2]}, "--out_channels": {"fixed": 16, "range": [2, 64, 2]}, "--k_size": {"fixed": 3, "range": [3, 15, 3]}, "--stride": {"fixed": 1, "range": [1, 8, 1]}, "--side_length": {"fixed": 32, "range": [8, 256, 8]}}, "param": "--out_channels", "param_vals": [2, 2, 2, 2, 2, 2, 2, 2, 2, 2, 4, 4, 4, 4, 4, 4, 4, 4, 4, 4, 6, 6, 6, 6, 6, 6, 6, 6, 6, 6, 8, 8, 8, 8, 8, 8, 8, 8, 8, 8, 10, 10, 10, 10, 10, 10, 10, 10, 10, 10, 12, 12, 12, 12, 12, 12, 12, 12, 12, 12, 14, 14, 14, 14, 14, 14, 14, 14, 14, 14, 16, 16, 16, 16, 16, 16, 16, 16, 16, 16, 18, 18, 18, 18, 18, 18, 18, 18, 18, 18, 20, 20, 20, 20, 20, 20, 20, 20, 20, 20, 22, 22, 22, 22, 22, 22, 22, 22, 22, 22, 24, 24, 24, 24, 24, 24, 24, 24, 24, 24, 26, 26, 26, 26, 26, 26, 26, 26, 26, 26, 28, 28, 28, 28, 28, 28, 28, 28, 28, 28, 30, 30, 30, 30, 30, 30, 30, 30, 30, 30, 32, 32, 32, 32, 32, 32, 32, 32, 32, 32, 34, 34, 34, 34, 34, 34, 34, 34, 34, 34, 36, 36, 36, 36, 36, 36, 36, 36, 36, 36, 38, 38, 38, 38, 38, 38, 38, 38, 38, 38, 40, 40, 40, 40, 40, 40, 40, 40, 40, 40, 42, 42, 42, 42, 42, 42, 42, 42, 42, 42, 44, 44, 44, 44, 44, 44, 44, 44, 44, 44, 46, 46, 46, 46, 46, 46, 46, 46, 46, 46, 48, 48, 48, 48, 48, 48, 48, 48, 48, 48, 50, 50, 50, 50, 50, 50, 50, 50, 50, 50, 52, 52, 52, 52, 52, 52, 52, 52, 52, 52, 54, 54, 54, 54, 54, 54, 54, 54, 54, 54, 56, 56, 56, 56, 56, 56, 56, 56, 56, 56, 58, 58, 58, 58, 58, 58, 58, 58, 58, 58, 60, 60, 60, 60, 60, 60, 60, 60, 60, 60, 62, 62, 62, 62, 62, 62, 62, 62, 62, 62], "energies": [89.422485, 90.232727, 90.605835, 89.095093, 89.368469, 89.10321, 90.121033, 88.537231, 89.524414, 89.239136, 90.518555, 91.130737, 90.458252, 90.554138, 90.321472, 91.052429, 91.341858, 90.845398, 92.092712, 90.373413, 91.1828, 92.15918, 90.954956, 91.940857, 91.585754, 89.917297, 91.946533, 91.478394, 92.144104, 91.062012, 97.284973, 96.562927, 106.485474, 96.086731, 96.999023, 95.822998, 97.217163, 96.616272, 96.562317, 96.76001, 98.596252, 100.606445, 112.906372, 102.786987, 97.569092, 98.558044, 98.482056, 99.110046, 98.292847, 97.069824, 100.37262, 100.75, 101.028198, 97.522644, 95.626038, 99.984924, 99.029053, 107.334229, 100.681763, 95.868835, 101.316772, 101.454285, 98.706543, 100.65863, 100.994995, 100.793274, 100.903931, 102.095459, 101.733643, 100.208923, 110.215637, 110.658142, 111.188782, 113.069824, 111.707092, 111.450256, 110.719727, 115.005066, 110.086487, 113.108398, 127.922485, 130.500977, 126.666199, 130.42804, 126.558655, 129.071899, 129.236938, 127.571899, 129.046143, 130.736633, 130.652893, 130.984314, 130.373596, 131.453003, 132.119629, 130.993225, 131.845215, 130.452515, 131.561523, 130.90625, 134.882629, 132.011292, 131.870605, 132.106201, 132.564392, 131.281982, 132.811523, 131.508423, 132.168579, 132.153381, 134.199951, 136.820801, 133.595459, 134.573425, 133.382385, 133.038757, 134.440186, 135.829163, 134.833069, 134.695496, 149.945068, 148.798523, 151.899841, 149.220581, 160.627563, 150.394958, 149.843872, 150.214844, 150.709595, 149.40686, 150.667786, 151.506958, 154.66333, 153.239441, 151.984131, 161.211548, 150.99469, 151.209656, 150.831604, 151.537781, 155.840393, 160.576416, 153.404236, 152.721252, 152.825867, 154.42572, 153.220886, 153.875854, 159.427124, 152.325806, 156.096985, 156.626404, 155.362488, 155.976379, 156.343079, 156.004211, 154.38501, 157.296509, 155.666443, 156.242493, 174.524231, 173.590698, 173.203064, 172.952026, 172.763489, 173.389526, 173.288391, 172.985168, 176.054688, 176.021667, 174.668335, 174.069885, 174.268494, 174.860413, 174.574402, 174.305359, 174.201294, 177.452332, 175.372009, 176.011047, 174.527771, 174.789001, 174.707764, 177.786499, 175.565613, 178.811401, 175.02179, 175.693726, 176.290955, 174.895874, 176.37146, 177.814453, 177.774231, 177.749268, 177.361877, 178.587036, 176.785034, 177.761292, 176.943604, 177.557129, 192.049988, 192.21875, 192.820435, 191.813049, 192.671997, 191.531921, 193.606384, 192.643555, 198.295532, 194.324829, 193.605164, 194.464478, 194.787842, 194.230286, 194.677734, 193.707764, 194.282349, 196.218872, 193.434326, 193.528015, 195.07489, 200.145203, 194.276855, 194.547119, 209.026062, 194.952576, 195.020447, 196.018677, 194.207153, 196.324341, 199.993469, 197.124573, 200.85022, 196.361145, 197.137268, 197.824219, 197.51416, 197.879456, 194.834961, 196.959961, 208.735046, 208.286926, 207.760925, 208.884277, 220.137024, 209.134521, 210.169861, 209.178894, 208.720886, 208.146729, 208.466125, 209.380249, 209.115112, 209.09436, 209.981995, 209.460083, 208.412964, 209.291565, 210.163025, 210.472717, 211.484375, 211.615051, 211.728455, 211.310242, 211.540405, 210.587891, 209.815735, 210.477844, 211.186523, 210.727112, 213.62384, 213.221863, 213.79541, 218.380859, 213.336243, 212.427795, 226.430481, 214.111084, 212.393921, 212.734558, 227.024292, 230.745483, 232.54657, 228.356018, 227.447205, 228.256653, 226.925537, 241.447632, 230.332458, 228.456726, 230.229553, 232.69104, 229.794312, 230.084595, 231.56781, 229.012268, 230.245361, 229.415039, 230.584229, 228.528442, 232.57196, 230.657654, 236.323669, 231.974121, 231.417175, 231.111206, 230.931702, 244.869507, 231.240662, 231.063171],