{"fixed": {"--data_size": {"fixed": 512, "range": [64, 4096, 64]}, "--input_size": {"fixed": 128, "range": [16, 512, 16]}, "--output_size": {"fixed": 128, "range": [16, 512, 16]}, "--batch_size": {"fixed": 512, "range": [32, 2048, 32]}, "--epochs": {"fixed": 10, "range": [2, 100, 1]}}, "param": "--output_size", "param_vals": [16, 16, 16, 16, 16, 16, 16, 16, 16, 16, 32, 32, 32, 32, 32, 32, 32, 32, 32, 32, 48, 48, 48, 48, 48, 48, 48, 48, 48, 48, 64, 64, 64, 64, 64, 64, 64, 64, 64, 64, 80, 80, 80, 80, 80, 80, 80, 80, 80, 80, 96, 96, 96, 96, 96, 96, 96, 96, 96, 96, 112, 112, 112, 112, 112, 112, 112, 112, 112, 112, 128, 128, 128, 128, 128, 128, 128, 128, 128, 128, 144, 144, 144, 144, 144, 144, 144, 144, 144, 144, 160, 160, 160, 160, 160, 160, 160, 160, 160, 160, 176, 176, 176, 176, 176, 176, 176, 176, 176, 176, 192, 192, 192, 192, 192, 192, 192, 192, 192, 192, 208, 208, 208, 208, 208, 208, 208, 208, 208, 208, 224, 224, 224, 224, 224, 224, 224, 224, 224, 224, 240, 240, 240, 240, 240, 240, 240, 240, 240, 240, 256, 256, 256, 256, 256, 256, 256, 256, 256, 256, 272, 272, 272, 272, 272, 272, 272, 272, 272, 272, 288, 288, 288, 288, 288, 288, 288, 288, 288, 288, 304, 304, 304, 304, 304, 304, 304, 304, 304, 304, 320, 320, 320, 320, 320, 320, 320, 320, 320, 320, 336, 336, 336, 336, 336, 336, 336, 336, 336, 336, 352, 352, 352, 352, 352, 352, 352, 352, 352, 352, 368, 368, 368, 368, 368, 368, 368, 368, 368, 368, 384, 384, 384, 384, 384, 384, 384, 384, 384, 384, 400, 400, 400, 400, 400, 400, 400, 400, 400, 400, 416, 416, 416, 416, 416, 416, 416, 416, 416, 416, 432, 432, 432, 432, 432, 432, 432, 432, 432, 432, 448, 448, 448, 448, 448, 448, 448, 448, 448, 448, 464, 464, 464, 464, 464, 464, 464, 464, 464, 464, 480, 480, 480, 480, 480, 480, 480, 480, 480, 480, 496, 496, 496, 496, 496, 496, 496, 496, 496, 496], "energies": [43.386169, 41.585815, 41.627014, 41.688721, 41.880371, 41.374939, 41.385559, 41.783569, 41.309753, 41.870178, 55.409485, 51.79126, 56.019897, 55.350769, 61.168457, 44.665833, 60.824707, 51.311829, 53.765808, 50.130859, 46.254517, 47.025391, 45.964294, 54.998779, 65.9422, 63.476624, 71.950989, 60.077454, 49.261902, 51.653381, 100.574646, 82.371216, 63.679199, 57.827515, 70.647644, 69.677429, 59.444641, 74.019531, 92.528809, 86.438965, 107.367798, 115.449646, 90.353149, 102.855957, 101.955566, 85.457214, 102.597107, 94.599915, 107.095825, 89.081848, 98.87085, 56.657104, 103.457397, 91.299194, 99.580811, 111.100708, 99.322021, 87.968384, 79.605042, 99.97583, 98.42041, 102.328064, 121.765686, 98.447388, 93.998352, 106.329712, 98.115967, 78.144409, 98.264099, 96.511536, 94.992004, 60.086182, 93.054321, 103.97467, 106.866211, 92.970032, 104.227905, 91.887085, 81.717529, 70.703247, 93.186279, 118.760193, 103.260925, 100.508423, 97.701904, 94.894104, 84.707581, 95.723328, 101.144409, 64.270996, 96.090576, 102.667419, 97.160706, 61.598022, 87.513428, 90.705505, 94.207581, 97.094055, 54.386536, 98.595398, 102.337769, 95.046509, 109.328125, 91.817261, 61.702881, 107.317993, 105.555542, 95.39978, 113.034607, 109.045593, 114.646301, 78.570496, 119.813416, 102.788025, 109.490601, 88.847595, 104.953369, 113.289856, 91.698608, 100.780579, 110.071167, 95.732849, 107.108032, 96.285583, 89.053467, 65.775879, 101.384277, 95.661011, 105.2453, 98.798218, 134.069824, 105.679077, 96.89856, 97.804077, 88.458923, 100.881104, 95.589844, 144.211243, 84.03894, 116.675476, 107.449524, 97.431885, 109.231079, 97.098633, 92.573425, 80.937988, 98.314392, 99.898376, 94.17572, 116.707642, 91.897156, 98.856445, 95.655334, 95.456665, 111.344849, 95.615112, 135.227173, 77.4104, 112.544067, 116.958984, 118.972961, 128.53302, 134.349976, 101.437439, 75.993103, 128.187073, 146.946655, 131.497681, 74.995422, 123.507874, 107.571106, 109.882446, 123.515442, 107.917053, 116.747253, 113.624573, 132.31604, 124.543335, 79.572205, 135.846313, 130.583923, 106.549011, 70.54834, 137.545166, 130.592285, 75.321777, 137.147644, 94.84137, 154.887512, 90.542053, 117.959106, 112.846985, 84.466614, 115.52002, 55.643311, 125.062012, 85.938782, 123.841125, 77.47821, 139.585266, 90.052612, 91.933411, 139.921021, 138.705811, 139.966492, 119.926453, 135.285217, 134.187134, 89.085938, 126.42749, 149.846436, 149.867432, 129.938538, 136.188354, 121.248291, 135.592163, 131.563232, 133.884888, 130.567383, 96.635742, 101.205505, 86.322876, 145.921448, 126.427002, 70.671387, 107.320129, 141.750854, 141.001282, 112.809448, 94.548035, 59.220398, 150.730103, 140.318176, 60.834961, 63.820923, 113.07428, 146.530151, 147.587646, 119.959167, 125.466797, 117.111633, 63.170288, 143.196228, 128.827271, 115.881409, 147.768066, 135.303711, 94.083679, 137.375916, 140.653625, 109.712585, 117.464355, 57.915527, 129.668335, 135.759827, 140.291443, 102.552063, 129.626587, 101.20636, 90.645874, 98.17572, 105.707092, 134.180969, 148.742737, 105.812317, 98.598511, 149.388245, 113.860901, 104.435425, 107.134827, 104.862915, 63.915222, 73.608582, 103.881348, 59.188477, 73.627747, 132.134583, 108.847473, 67.288696, 61.140625, 139.266357, 78.851318, 139.368103, 150.21936, 144.599121, 94.628296, 121.508789, 133.745789, 94.619995, 130.024475, 91.330994, 133.678711, 126.347168, 153.420044, 125.97821, 127.387939, 103.192871, 99.704041, 78.714539, 100.938782, 143.006897, 120.840332, 146.387329, 126.254822, 117.822205, 137.239197, 101.647583, 115.351746, 137.326721, 152.150574],