{"fixed": {"--data_size": {"fixed": 2048, "range": [64, 4096, 64]}, "--batch_size": {"fixed": 512, "range": [32, 2048, 32]}, "--epochs": {"fixed": 10, "range": [2, 100, 1]}, "--in_channels": {"fixed": 16, "range": [2, 64, 2]}, "--out_channels": {"fixed": 16, "range": [2, 64, 2]}, "--k_size": {"fixed": 3, "range": [3, 15, 3]}, "--stride": {"fixed": 1, "range": [1, 8, 1]}, "--side_length": {"fixed": 32, "range": [8, 256, 8]}}, "param": "--in_channels", "param_vals": [2, 2, 2, 2, 2, 2, 2, 2, 2, 2, 4, 4, 4, 4, 4, 4, 4, 4, 4, 4, 6, 6, 6, 6, 6, 6, 6, 6, 6, 6, 8, 8, 8, 8, 8, 8, 8, 8, 8, 8, 10, 10, 10, 10, 10, 10, 10, 10, 10, 10, 12, 12, 12, 12, 12, 12, 12, 12, 12, 12, 14, 14, 14, 14, 14, 14, 14, 14, 14, 14, 16, 16, 16, 16, 16, 16, 16, 16, 16, 16, 18, 18, 18, 18, 18, 18, 18, 18, 18, 18, 20, 20, 20, 20, 20, 20, 20, 20, 20, 20, 22, 22, 22, 22, 22, 22, 22, 22, 22, 22, 24, 24, 24, 24, 24, 24, 24, 24, 24, 24, 26, 26, 26, 26, 26, 26, 26, 26, 26, 26, 28, 28, 28, 28, 28, 28, 28, 28, 28, 28, 30, 30, 30, 30, 30, 30, 30, 30, 30, 30, 32, 32, 32, 32, 32, 32, 32, 32, 32, 32, 34, 34, 34, 34, 34, 34, 34, 34, 34, 34, 36, 36, 36, 36, 36, 36, 36, 36, 36, 36, 38, 38, 38, 38, 38, 38, 38, 38, 38, 38, 40, 40, 40, 40, 40, 40, 40, 40, 40, 40, 42, 42, 42, 42, 42, 42, 42, 42, 42, 42, 44, 44, 44, 44, 44, 44, 44, 44, 44, 44, 46, 46, 46, 46, 46, 46, 46, 46, 46, 46, 48, 48, 48, 48, 48, 48, 48, 48, 48, 48, 50, 50, 50, 50, 50, 50, 50, 50, 50, 50, 52, 52, 52, 52, 52, 52, 52, 52, 52, 52, 54, 54, 54, 54, 54, 54, 54, 54, 54, 54, 56, 56, 56, 56, 56, 56, 56, 56, 56, 56, 58, 58, 58, 58, 58, 58, 58, 58, 58, 58, 60, 60, 60, 60, 60, 60, 60, 60, 60, 60, 62, 62, 62, 62, 62, 62, 62, 62, 62, 62], "energies": [66.501404, 68.945679, 62.780396, 69.117737, 66.566467, 66.318787, 69.639709, 69.155396, 70.018188, 70.098938, 72.696167, 71.792236, 71.769348, 72.681152, 73.023926, 65.744141, 72.631714, 72.93811, 71.363831, 73.966431, 72.53064, 79.296936, 75.338928, 75.295349, 74.990845, 72.679688, 69.510986, 76.734802, 75.676025, 71.223572, 79.042175, 78.610779, 77.761841, 79.265503, 80.581726, 78.112427, 77.168213, 78.44812, 80.275269, 78.306763, 100.717957, 99.188782, 98.798584, 98.7146, 100.863159, 98.775879, 100.183838, 101.336853, 99.577637, 98.536011, 102.707947, 102.630737, 101.871765, 105.367859, 103.321228, 103.593994, 102.536743, 102.710999, 101.208801, 104.381653, 116.029358, 104.788208, 105.547485, 105.030334, 102.446838, 103.83429, 107.64502, 105.246643, 103.279053, 104.322754, 105.72583, 112.390076, 111.048889, 112.05481, 111.636963, 112.022278, 112.104614, 111.605774, 110.87439, 113.961853, 127.45166, 127.742615, 128.488953, 125.306335, 129.343811, 127.748413, 133.15155, 128.557129, 128.782715, 130.602295, 126.595764, 131.161743, 130.185181, 130.622681, 130.764771, 130.999939, 131.260498, 126.680603, 129.669678, 130.824341, 134.633545, 132.989441, 134.395447, 137.24707, 133.628845, 135.040894, 132.363831, 136.15155, 132.031555, 133.624939, 141.01709, 136.378723, 137.452454, 138.02002, 136.289062, 137.102905, 139.230347, 138.320007, 138.273743, 138.648071, 152.697937, 153.486145, 155.400757, 156.733704, 160.88739, 152.459412, 154.049561, 154.059326, 153.679138, 153.595276, 157.32019, 156.434204, 157.410217, 157.16217, 158.294556, 155.870178, 157.674438, 153.812805, 154.432678, 167.295898, 165.512451, 159.834656, 161.539917, 159.8479, 161.947632, 160.069946, 158.755737, 159.252808, 163.065918, 158.970459, 162.575378, 165.976929, 164.784119, 162.707581, 161.720947, 162.470093, 163.529053, 163.059265, 163.116943, 161.494324, 182.023193, 185.018982, 177.379578, 184.087097, 183.378601, 183.975586, 185.123901, 184.386169, 184.078552, 188.995117, 187.626892, 187.890686, 187.701599, 188.411682, 206.270874, 189.116882, 190.882996, 184.988647, 187.537476, 187.950317, 188.526001, 190.82312, 189.712036, 186.718933, 181.212585, 189.115234, 191.362488, 190.992432, 187.93103, 193.25769, 186.111633, 193.364746, 192.547791, 195.332947, 193.018127, 188.899353, 192.796814, 187.602295, 189.09668, 202.018188, 212.926208, 210.60791, 208.634766, 209.308838, 210.746765, 211.431335, 215.224243, 211.743958, 211.787598, 205.340942, 214.904236, 212.294495, 214.48761, 217.456787, 213.654053, 213.622375, 213.830872, 214.419189, 211.985413, 205.931274, 219.481567, 217.389221, 217.365601, 215.996643, 217.964966, 218.219788, 204.887817, 219.714966, 213.812378, 217.768677, 223.445435, 216.668823, 222.634094, 222.779419, 225.43634, 222.209045, 221.956421, 222.645508, 222.230103, 222.035706, 231.344238, 238.677734, 226.250061, 239.189026, 239.94812, 237.519104, 241.75116, 237.838379, 234.664185, 238.71283, 240.510925, 240.828064, 253.657837, 242.71637, 241.403748, 239.43689, 240.18689, 240.461792, 236.596924, 243.974609, 234.00824, 241.75, 241.837463, 241.745667, 240.984314, 245.910889, 240.395081, 228.518372, 241.250549, 240.762024, 248.497009, 240.033508, 251.125549, 248.110535, 249.204102, 247.790466, 248.126282, 239.64978, 247.266663, 248.463196, 262.298584, 250.737244, 262.821838, 263.227722, 262.387329, 264.868164, 285.309937, 265.049194, 264.714722, 265.223206, 264.612549, 265.673523, 262.73645, 258.851135, 256.544678, 264.743469, 275.02417, 265.033081, 263.949524, 266.728577, 269.564087, 271.297485, 271.487061, 271.026611, 271.662903, 276.026367, 272.095337, 271.668213, 255.019958, 270.793884],