{"fixed": {"--data_size": {"fixed": 512, "range": [64, 4096, 64]}, "--input_size": {"fixed": 128, "range": [16, 512, 16]}, "--output_size": {"fixed": 128, "range": [16, 512, 16]}, "--batch_size": {"fixed": 512, "range": [32, 2048, 32]}, "--epochs": {"fixed": 10, "range": [2, 100, 1]}}, "param": "--input_size", "param_vals": [16, 16, 16, 16, 16, 16, 16, 16, 16, 16, 32, 32, 32, 32, 32, 32, 32, 32, 32, 32, 48, 48, 48, 48, 48, 48, 48, 48, 48, 48, 64, 64, 64, 64, 64, 64, 64, 64, 64, 64, 80, 80, 80, 80, 80, 80, 80, 80, 80, 80, 96, 96, 96, 96, 96, 96, 96, 96, 96, 96, 112, 112, 112, 112, 112, 112, 112, 112, 112, 112, 128, 128, 128, 128, 128, 128, 128, 128, 128, 128, 144, 144, 144, 144, 144, 144, 144, 144, 144, 144, 160, 160, 160, 160, 160, 160, 160, 160, 160, 160, 176, 176, 176, 176, 176, 176, 176, 176, 176, 176, 192, 192, 192, 192, 192, 192, 192, 192, 192, 192, 208, 208, 208, 208, 208, 208, 208, 208, 208, 208, 224, 224, 224, 224, 224, 224, 224, 224, 224, 224, 240, 240, 240, 240, 240, 240, 240, 240, 240, 240, 256, 256, 256, 256, 256, 256, 256, 256, 256, 256, 272, 272, 272, 272, 272, 272, 272, 272, 272, 272, 288, 288, 288, 288, 288, 288, 288, 288, 288, 288, 304, 304, 304, 304, 304, 304, 304, 304, 304, 304, 320, 320, 320, 320, 320, 320, 320, 320, 320, 320, 336, 336, 336, 336, 336, 336, 336, 336, 336, 336, 352, 352, 352, 352, 352, 352, 352, 352, 352, 352, 368, 368, 368, 368, 368, 368, 368, 368, 368, 368, 384, 384, 384, 384, 384, 384, 384, 384, 384, 384, 400, 400, 400, 400, 400, 400, 400, 400, 400, 400, 416, 416, 416, 416, 416, 416, 416, 416, 416, 416, 432, 432, 432, 432, 432, 432, 432, 432, 432, 432, 448, 448, 448, 448, 448, 448, 448, 448, 448, 448, 464, 464, 464, 464, 464, 464, 464, 464, 464, 464, 480, 480, 480, 480, 480, 480, 480, 480, 480, 480, 496, 496, 496, 496, 496, 496, 496, 496, 496, 496], "energies": [80.058472, 80.189209, 79.812683, 85.235901, 88.073608, 94.152832, 76.313354, 73.926208, 83.535095, 78.745483, 93.157043, 97.650085, 83.848999, 77.240967, 82.994202, 91.30011, 120.2995, 85.501282, 113.03009, 97.861023, 109.933655, 74.662842, 113.907776, 95.422791, 95.172852, 109.02832, 100.764832, 97.124634, 115.046387, 104.679626, 97.321533, 103.616577, 51.834351, 88.81189, 107.029724, 89.51178, 96.526611, 96.830261, 104.392761, 65.658264, 79.06012, 85.718933, 95.27948, 78.404602, 81.986511, 123.147156, 106.168823, 103.189026, 84.516235, 90.12738, 113.609985, 90.39502, 97.640198, 98.770996, 86.386475, 100.243164, 99.388123, 101.607544, 103.50708, 93.721741, 89.996399, 99.244995, 109.393982, 91.513428, 105.575684, 63.769409, 97.883911, 96.255371, 100.353333, 85.045471, 84.866516, 77.653381, 99.596313, 98.576172, 99.357361, 94.813293, 97.056702, 100.084778, 110.159363, 93.803528, 107.690308, 101.29126, 88.914734, 103.62146, 96.782593, 88.720032, 113.814819, 111.567993, 105.450195, 139.452759, 104.75647, 94.088928, 124.013672, 95.488159, 72.974731, 97.132141, 95.071289, 108.321533, 100.784119, 92.380371, 108.280945, 105.591492, 134.019104, 101.836182, 84.460022, 90.300476, 83.66394, 92.131836, 102.385254, 102.211182, 97.615662, 87.029175, 87.224243, 99.812439, 100.971924, 61.719666, 91.890564, 102.654053, 109.344543, 90.661316, 101.529968, 106.124451, 106.076904, 76.985779, 113.650208, 95.226868, 92.489502, 90.749695, 91.301697, 119.164673, 113.578247, 102.432251, 79.039062, 79.480652, 71.993835, 90.402222, 98.878784, 105.134338, 102.558228, 97.441589, 87.797119, 102.904175, 106.986206, 92.871155, 98.001404, 107.271851, 108.446106, 98.444885, 94.853149, 84.612061, 120.855713, 103.929871, 103.6427, 95.738464, 91.42041, 109.188843, 114.199219, 96.321472, 73.750854, 72.081116, 97.960388, 136.554138, 116.426331, 130.084839, 92.845886, 75.71106, 149.678101, 81.792603, 82.624695, 131.624939, 114.704407, 105.365845, 125.747742, 140.734131, 128.139282, 106.849121, 88.288147, 130.034851, 73.750671, 143.25293, 131.771423, 133.601685, 94.044312, 102.806824, 139.291687, 76.297852, 69.075073, 134.479797, 107.014832, 81.441589, 129.354492, 95.049622, 119.300842, 134.638245, 117.747314, 132.712524, 143.635925, 126.024902, 121.310303, 138.334778, 102.150024, 75.051575, 86.767273, 102.729492, 123.933472, 139.851746, 146.637756, 119.912231, 148.218445, 112.562195, 125.949524, 140.013062, 87.789185, 112.871704, 131.763855, 114.670776, 123.858398, 132.290222, 94.640381, 119.813232, 65.136047, 135.501038, 77.779236, 132.328064, 106.583069, 140.110779, 138.465515, 126.726013, 142.627502, 130.232544, 139.150818, 141.072449, 98.30603, 85.4422, 135.529663, 139.30896, 144.86499, 151.164307, 130.501038, 131.806519, 146.869141, 135.193726, 148.595093, 129.590027, 102.317322, 63.778564, 115.527954, 146.162292, 117.433594, 107.196228, 72.92749, 117.420593, 86.021851, 60.259949, 133.556946, 120.013367, 142.270142, 150.409302, 140.714539, 111.611023, 134.995911, 107.005676, 109.707886, 140.858337, 134.887268, 130.408203, 93.713806, 147.525452, 118.62323, 137.620422, 140.145325, 76.95459, 100.363281, 55.306702, 89.727478, 131.057007, 149.685852, 110.349182, 89.674622, 106.120972, 118.495239, 77.31543, 115.372559, 73.293335, 148.743164, 149.501526, 55.415955, 117.424377, 114.273193, 125.965759, 136.394897, 99.337769, 113.307678, 146.162354, 113.20874, 114.561523, 128.28009, 82.518494, 98.790894, 127.64917, 91.907959, 133.307312, 140.070435, 58.672852, 123.082458, 100.20636, 143.444763, 143.921814, 116.881165, 114.034424],