{"fixed": {"--data_size": {"fixed": 512, "range": [64, 4096, 64]}, "--input_size": {"fixed": 128, "range": [16, 512, 16]}, "--output_size": {"fixed": 128, "range": [16, 512, 16]}, "--batch_size": {"fixed": 512, "range": [32, 2048, 32]}, "--epochs": {"fixed": 10, "range": [2, 100, 1]}}, "param": "--output_size", "param_vals": [16, 16, 16, 16, 16, 16, 16, 16, 16, 16, 32, 32, 32, 32, 32, 32, 32, 32, 32, 32, 48, 48, 48, 48, 48, 48, 48, 48, 48, 48, 64, 64, 64, 64, 64, 64, 64, 64, 64, 64, 80, 80, 80, 80, 80, 80, 80, 80, 80, 80, 96, 96, 96, 96, 96, 96, 96, 96, 96, 96, 112, 112, 112, 112, 112, 112, 112, 112, 112, 112, 128, 128, 128, 128, 128, 128, 128, 128, 128, 128, 144, 144, 144, 144, 144, 144, 144, 144, 144, 144, 160, 160, 160, 160, 160, 160, 160, 160, 160, 160, 176, 176, 176, 176, 176, 176, 176, 176, 176, 176, 192, 192, 192, 192, 192, 192, 192, 192, 192, 192, 208, 208, 208, 208, 208, 208, 208, 208, 208, 208, 224, 224, 224, 224, 224, 224, 224, 224, 224, 224, 240, 240, 240, 240, 240, 240, 240, 240, 240, 240, 256, 256, 256, 256, 256, 256, 256, 256, 256, 256, 272, 272, 272, 272, 272, 272, 272, 272, 272, 272, 288, 288, 288, 288, 288, 288, 288, 288, 288, 288, 304, 304, 304, 304, 304, 304, 304, 304, 304, 304, 320, 320, 320, 320, 320, 320, 320, 320, 320, 320, 336, 336, 336, 336, 336, 336, 336, 336, 336, 336, 352, 352, 352, 352, 352, 352, 352, 352, 352, 352, 368, 368, 368, 368, 368, 368, 368, 368, 368, 368, 384, 384, 384, 384, 384, 384, 384, 384, 384, 384, 400, 400, 400, 400, 400, 400, 400, 400, 400, 400, 416, 416, 416, 416, 416, 416, 416, 416, 416, 416, 432, 432, 432, 432, 432, 432, 432, 432, 432, 432, 448, 448, 448, 448, 448, 448, 448, 448, 448, 448, 464, 464, 464, 464, 464, 464, 464, 464, 464, 464, 480, 480, 480, 480, 480, 480, 480, 480, 480, 480, 496, 496, 496, 496, 496, 496, 496, 496, 496, 496], "energies": [156.034607, 159.285889, 148.343933, 156.791748, 157.495544, 156.398132, 153.285828, 156.885742, 150.188416, 144.881348, 159.037537, 157.642151, 161.020691, 158.383179, 159.327332, 162.001404, 161.798157, 161.527161, 161.598877, 156.922852, 159.733948, 159.520935, 155.584473, 153.665955, 158.988281, 156.859131, 157.003174, 151.884277, 159.309509, 159.922058, 161.121582, 154.491455, 159.439819, 161.161804, 156.419128, 161.803467, 162.508606, 162.832336, 157.207764, 166.843994, 199.981812, 185.660522, 192.704285, 190.436646, 197.293579, 193.564758, 196.481628, 190.983032, 190.688354, 200.130493, 202.228271, 205.48761, 199.97699, 199.918457, 192.764832, 191.449768, 195.53595, 194.098022, 195.045044, 192.864258, 243.523987, 243.515991, 231.08551, 248.923401, 244.842834, 244.15979, 240.989807, 243.573181, 245.581055, 240.923523, 261.203003, 252.289246, 262.263855, 255.091858, 252.009766, 266.623047, 236.090454, 268.217651, 240.888428, 266.268494, 269.94104, 258.076111, 270.195251, 271.116943, 232.461853, 289.102539, 263.570496, 262.597351, 290.917236, 240.506042, 256.279419, 258.183838, 275.634277, 283.394531, 256.42511, 254.126282, 268.418091, 235.20105, 229.192322, 278.858704, 258.569885, 281.017456, 261.720215, 273.888855, 295.158752, 273.093689, 281.595093, 268.247009, 270.310181, 261.647583, 288.508545, 277.493713, 255.973633, 246.174683, 252.612671, 270.324768, 282.653809, 266.736084, 278.594055, 231.711731, 249.38208, 256.201904, 259.20874, 278.176941, 241.445068, 242.894592, 277.831421, 234.848572, 221.305603, 244.806702, 291.304077, 287.778137, 233.527283, 279.823547, 278.045288, 251.110718, 276.273987, 255.218018, 256.447266, 252.346802, 298.835632, 218.344727, 293.978271, 251.52948, 235.669678, 292.377869, 275.660217, 247.118835, 256.451111, 288.075684, 263.756226, 260.598267, 258.238403, 286.380005, 283.089539, 243.255981, 274.103271, 238.549988, 294.255859, 253.572449, 316.769348, 310.952087, 321.820557, 311.935547, 317.129333, 298.82605, 295.159485, 305.936462, 316.59668, 312.456299, 308.512939, 316.794434, 311.18927, 310.747131, 318.869507, 300.528687, 307.054565, 315.42334, 295.940918, 297.376709, 304.305969, 313.358398, 313.780029, 303.673523, 307.035156, 314.82251, 311.521057, 320.442871, 320.435913, 305.670227, 317.559021, 308.982605, 317.61676, 289.631836, 301.238831, 314.027039, 323.890442, 318.155823, 303.462341, 305.156067, 308.518372, 318.772949, 321.630676, 312.982788, 306.975891, 317.338379, 310.549072, 302.868042, 309.99469, 318.176086, 312.821594, 316.993591, 305.748962, 311.305359, 298.103333, 311.111694, 308.963135, 311.283691, 310.181702, 300.452881, 310.725586, 325.213135, 318.907166, 310.25, 313.967041, 320.321594, 323.476807, 300.031921, 312.999084, 326.983154, 318.774597, 304.382263, 315.179321, 310.658997, 310.45282, 316.524902, 318.994324, 320.003479, 313.17334, 308.853577, 312.285034, 320.039734, 317.028931, 307.528503, 319.974487, 320.997131, 311.558411, 317.979736, 319.143555, 314.695984, 314.546997, 313.716187, 314.113831, 322.219238, 317.399475, 320.897522, 323.110535, 308.161194, 325.762451, 309.683472, 317.132568, 302.654358, 311.007507, 297.101685, 308.890259, 321.658569, 328.173828, 294.360168, 313.395142, 323.874207, 324.127014, 306.036072, 298.298401, 311.438538, 312.528687, 322.480713, 302.302673, 312.201721, 315.503662, 321.656616, 317.730164, 322.824463, 306.806885, 302.435242, 315.599426, 310.334595, 296.985474, 312.208923, 310.219543, 304.113342, 314.917908, 320.628723, 325.0849, 306.696106, 314.33075, 309.628662, 294.050964, 315.490967, 307.596191, 312.884155, 299.969299, 305.307739, 312.038391, 308.545044, 321.166321, 305.866455, 313.033142, 313.726807, 309.983337, 321.433289],