{"fixed": {"--data_size": {"fixed": 2048, "range": [64, 4096, 64]}, "--batch_size": {"fixed": 512, "range": [32, 2048, 32]}, "--epochs": {"fixed": 10, "range": [2, 100, 1]}, "--in_channels": {"fixed": 16, "range": [2, 64, 2]}, "--out_channels": {"fixed": 16, "range": [2, 64, 2]}, "--k_size": {"fixed": 3, "range": [3, 15, 3]}, "--stride": {"fixed": 1, "range": [1, 8, 1]}, "--side_length": {"fixed": 32, "range": [8, 256, 8]}}, "param": "--out_channels", "param_vals": [2, 2, 2, 2, 2, 2, 2, 2, 2, 2, 4, 4, 4, 4, 4, 4, 4, 4, 4, 4, 6, 6, 6, 6, 6, 6, 6, 6, 6, 6, 8, 8, 8, 8, 8, 8, 8, 8, 8, 8, 10, 10, 10, 10, 10, 10, 10, 10, 10, 10, 12, 12, 12, 12, 12, 12, 12, 12, 12, 12, 14, 14, 14, 14, 14, 14, 14, 14, 14, 14, 16, 16, 16, 16, 16, 16, 16, 16, 16, 16, 18, 18, 18, 18, 18, 18, 18, 18, 18, 18, 20, 20, 20, 20, 20, 20, 20, 20, 20, 20, 22, 22, 22, 22, 22, 22, 22, 22, 22, 22, 24, 24, 24, 24, 24, 24, 24, 24, 24, 24, 26, 26, 26, 26, 26, 26, 26, 26, 26, 26, 28, 28, 28, 28, 28, 28, 28, 28, 28, 28, 30, 30, 30, 30, 30, 30, 30, 30, 30, 30, 32, 32, 32, 32, 32, 32, 32, 32, 32, 32, 34, 34, 34, 34, 34, 34, 34, 34, 34, 34, 36, 36, 36, 36, 36, 36, 36, 36, 36, 36, 38, 38, 38, 38, 38, 38, 38, 38, 38, 38, 40, 40, 40, 40, 40, 40, 40, 40, 40, 40, 42, 42, 42, 42, 42, 42, 42, 42, 42, 42, 44, 44, 44, 44, 44, 44, 44, 44, 44, 44, 46, 46, 46, 46, 46, 46, 46, 46, 46, 46, 48, 48, 48, 48, 48, 48, 48, 48, 48, 48, 50, 50, 50, 50, 50, 50, 50, 50, 50, 50, 52, 52, 52, 52, 52, 52, 52, 52, 52, 52, 54, 54, 54, 54, 54, 54, 54, 54, 54, 54, 56, 56, 56, 56, 56, 56, 56, 56, 56, 56, 58, 58, 58, 58, 58, 58, 58, 58, 58, 58, 60, 60, 60, 60, 60, 60, 60, 60, 60, 60, 62, 62, 62, 62, 62, 62, 62, 62, 62, 62], "energies": [274.504395, 275.717712, 271.566406, 277.255493, 270.526733, 285.101929, 262.599731, 262.739929, 262.376953, 259.30719, 264.434692, 264.609497, 270.419678, 263.391785, 273.099915, 274.966431, 269.673096, 268.761108, 273.290222, 259.841614, 279.025024, 270.154724, 279.119141, 280.358704, 284.187195, 273.18634, 290.4599, 278.154175, 268.935974, 277.684937, 285.426147, 310.785156, 315.202881, 291.657654, 295.727112, 285.863892, 279.617676, 310.40979, 289.631042, 276.307678, 295.003479, 294.160278, 301.513, 316.472717, 310.338196, 315.606567, 318.172119, 288.021606, 311.442627, 290.248474, 306.671692, 299.423828, 311.66394, 299.527466, 319.242249, 317.93158, 301.541687, 299.060669, 301.556274, 296.504517, 319.51825, 316.157898, 310.893677, 316.052063, 305.054749, 308.350403, 327.192688, 300.590637, 301.241577, 308.596497, 324.815979, 360.395569, 331.419373, 334.164246, 360.8396, 321.733765, 327.55072, 319.468628, 330.453491, 337.966125, 340.606445, 335.792725, 339.16095, 373.592285, 353.278503, 336.39978, 382.941833, 339.887939, 363.820129, 370.860291, 345.287659, 360.645996, 392.508118, 335.28949, 396.465576, 386.715332, 336.789856, 370.234619, 356.524048, 353.805786, 380.628906, 360.276367, 345.118042, 376.726868, 361.495361, 359.794067, 361.973389, 366.727783, 346.821594, 345.938416, 367.22229, 353.843567, 359.065796, 342.501099, 347.585632, 347.559937, 373.158325, 348.09552, 355.851379, 382.19519, 416.870605, 380.079529, 422.719604, 366.251587, 439.844116, 387.227356, 384.631592, 399.457947, 422.054138, 415.700439, 409.828186, 432.796387, 420.709229, 422.063721, 419.89502, 432.129761, 425.855591, 416.531799, 415.966736, 415.973511, 433.429199, 390.628235, 392.639404, 425.646606, 416.399658, 383.812866, 398.247009, 389.696167, 406.348328, 414.635315, 421.896912, 417.205139, 386.629272, 393.353394, 420.228394, 411.946045, 440.391052, 395.024414, 401.073853, 403.86145, 418.346252, 418.808289, 418.313965, 399.445557, 419.450439, 424.001221, 408.818359, 419.039734, 414.928894, 416.1698, 400.391785, 388.328979, 470.472534, 387.012451, 402.459045, 475.616577, 421.065308, 411.206238, 425.368652, 415.640381, 411.324402, 426.286377, 423.32373, 402.136841, 419.684875, 427.1297, 473.182617, 474.939209, 418.113953, 462.977722, 435.356445, 446.150391, 432.602295, 459.707031, 411.440979, 466.719849, 433.735474, 405.492065, 409.293823, 415.082825, 496.023926, 510.397705, 511.096985, 453.107788, 425.279785, 456.53656, 449.327148, 439.949829, 457.900391, 498.950195, 447.289429, 467.666748, 518.52478, 429.348328, 451.409729, 502.429932, 500.758667, 510.377686, 497.867615, 441.086182, 482.987122, 494.901855, 524.850647, 463.579407, 443.594116, 466.504944, 462.390808, 507.505798, 460.822144, 458.222961, 451.039734, 454.811768, 457.087219, 467.612549, 445.214661, 453.514221, 465.922974, 505.72406, 485.938049, 443.845825, 466.034485, 525.184509, 468.961975, 545.193176, 474.080139, 475.642639, 452.407715, 480.462158, 537.353394, 453.61438, 526.106934, 495.187622, 480.730286, 511.070129, 474.40033, 464.517029, 474.779358, 485.791992, 494.005371, 493.789734, 478.152039, 473.288391, 463.821533, 463.312927, 470.946472, 475.683533, 453.210388, 464.144287, 518.846069, 551.311584, 549.685913, 524.9375, 481.711975, 527.130798, 511.597778, 541.703979, 471.366394, 470.769653, 471.970337, 540.937439, 530.454529, 596.361206, 549.201843, 522.605896, 525.882751, 517.780029, 506.520203, 553.742432, 536.712158, 516.683228, 553.487549, 535.494202, 520.868164, 553.519104, 500.421143, 538.987122, 537.413147, 549.451416, 557.624268, 546.069275, 518.007996, 541.814392, 561.800415, 539.633789, 565.685852, 561.697998, 557.867676, 551.315491, 520.705444, 514.045898],