{"fixed": {"--data_size": {"fixed": 2048, "range": [64, 4096, 64]}, "--batch_size": {"fixed": 512, "range": [32, 2048, 32]}, "--epochs": {"fixed": 10, "range": [2, 100, 1]}, "--in_channels": {"fixed": 16, "range": [2, 64, 2]}, "--out_channels": {"fixed": 16, "range": [2, 64, 2]}, "--k_size": {"fixed": 3, "range": [3, 15, 3]}, "--stride": {"fixed": 1, "range": [1, 8, 1]}, "--side_length": {"fixed": 32, "range": [8, 256, 8]}}, "param": "--stride", "param_vals": [1, 1, 1, 1, 1, 1, 1, 1, 1, 1, 2, 2, 2, 2, 2, 2, 2, 2, 2, 2, 3, 3, 3, 3, 3, 3, 3, 3, 3, 3, 4, 4, 4, 4, 4, 4, 4, 4, 4, 4, 5, 5, 5, 5, 5, 5, 5, 5, 5, 5, 6, 6, 6, 6, 6, 6, 6, 6, 6, 6, 7, 7, 7, 7, 7, 7, 7, 7, 7, 7], "energies": [311.095032, 345.947205, 329.809937, 360.330444, 333.15448, 329.168823, 324.761292, 350.204163, 320.541565, 331.345947, 258.011292, 271.670654, 269.179565, 273.030396, 266.609985, 265.129883, 294.824646, 271.824951, 273.549438, 265.304688, 258.693237, 250.990356, 258.612854, 232.174316, 265.993225, 266.820862, 278.775024, 252.208435, 252.634338, 251.219299, 232.651001, 250.317871, 251.69928, 239.563782, 237.816833, 249.317017, 264.178223, 252.572083, 265.032959, 246.806946, 238.61322, 244.163147, 249.814331, 253.619812, 243.031128, 246.887451, 262.688354, 244.382935, 244.135132, 257.155029, 245.6922, 239.514893, 242.58374, 239.906128, 243.077881, 240.092163, 238.226929, 245.316223, 241.244873, 240.892944, 251.782959, 242.765625, 243.297729, 242.786987, 256.266724, 242.925598, 240.092773, 238.150879, 247.879028, 252.934204], "train_times": [5.549409627914429, 6.896459579467773, 6.703999996185303, 7.061000823974609, 5.686066389083862, 5.624476432800293, 5.607871770858765, 6.864520788192749, 5.614330768585205, 5.699914455413818, 5.007418394088745, 5.154975891113281, 5.191771030426025, 5.251487970352173, 5.635637283325195, 5.5320422649383545, 6.137469291687012, 5.150579214096069, 5.210913181304932, 5.240282297134399, 5.4266088008880615, 4.987366676330566, 5.0259034633636475, 4.946828842163086, 5.6188225746154785, 5.065593481063843, 5.823946714401245, 5.038080215454102, 4.990339517593384, 5.487279176712036, 4.858987331390381, 4.865715503692627, 4.98742151260376, 4.955673933029175, 4.894863843917847, 4.89679741859436, 5.6128857135772705, 4.9177961349487305, 5.714810609817505, 4.859520435333252, 4.9403910636901855, 4.8347859382629395, 5.364753723144531, 5.467171669006348, 4.758687734603882, 4.863868951797485, 5.354637145996094, 4.804047346115112, 5.449896812438965, 5.501872539520264, 5.568315505981445, 5.7322845458984375, 5.519970655441284, 5.022206544876099, 5.680944442749023, 5.236873626708984, 4.871826171875, 4.8451502323150635, 4.755295753479004, 4.885124921798706, 5.740548610687256, 5.219832897186279, 4.900578260421753, 4.857228755950928, 5.432150602340698, 5.665484666824341, 5.208148241043091, 5.4352686405181885, 4.946120500564575, 5.4375081062316895], "model_n_params": [2320, 2320, 2320, 2320, 2320, 2320, 2320, 2320, 2320, 2320, 2320, 2320, 2320, 2320, 2320, 2320, 2320, 2320, 2320, 2320, 2320, 2320, 2320, 2320, 2320, 2320, 2320, 2320, 2320, 2320, 2320, 2320, 2320, 2320, 2320, 2320, 2320, 2320, 2320, 2320, 2320, 2320, 2320, 2320, 2320, 2320, 2320, 2320, 2320, 2320, 2320, 2320, 2320, 2320, 2320, 2320, 2320, 2320, 2320, 2320, 2320, 2320, 2320, 2320, 2320, 2320, 2320, 2320, 2320, 2320]}